{"cameraMode":{"drawMode":0,"name":"Shaded","section":"Shading Mode"},"sceneLighting":true,"audioPlay":false,"sceneViewState":{"m_AlwaysRefresh":false,"showFog":true,"showSkybox":true,"showFlares":true,"showImageEffects":true,"showParticleSystems":true,"showVisualEffectGraphs":true,"m_FxEnabled":true},"in2DMode":false,"pivot":{"x":-1.9995369911193848,"y":-5.565515518188477,"z":0.204010009765625},"rotation":{"x":-0.006143399979919195,"y":0.9695124626159668,"z":-0.24374982714653016,"w":-0.024436093866825105},"size":21.25038719177246,"orthographic":false}